{
    "node-count": 34546,
    "edge-count": 420877,
    "isolate-count": 0,
    "num-connected-components": 61,
    "max-connected-components": 34401,
    "min-degree": 1,
    "max-degree": 846,
    "mean-degree": 24.36617842876165,
    "median-degree": 15.0,
    "num-clusters": 2136,
    "min-cluster-size": 1,
    "max-cluster-size": 800,
    "mean-cluster-size": 16.173220973782772,
    "median-cluster-size": 1.0,
    "num-singletons": 1322,
    "num-non-singletons": 814,
    "modularity-score": 0.5992111149783027,
    "node-coverage": 0.9617321831760551,
    "mixing-parameter": 0.37999943730019126,
    "tau1": 3.6312283315636975,
    "xmin1": 85.0,
    "tau2": 1.8497807268067572,
    "xmin2": 23.0,
    "tau1-fixed": 1.2997088572994,
    "xmin1-fixed": 1.0,
    "tau2-fixed": 1.622200259246516,
    "xmin2-fixed": 1.0
}